"Country","2015","2014","2013","2012","2011","2010","2009","2008","2007","2006","2005","2004","2003","2002","2001","2000"
"Afghanistan","183.9","176.9","164.2","144.0","138.8","132.3","143.8","127.6","104.7","111.3","98.6","87.7","80.9","79.8","No data","No data"
"Albania","773.7","779.3","665.7","612.8","570.9","481.1","444.9","452.6","437.8","381.5","363.8","347.8","310.0","293.4","275.3","258.1"
"Algeria","1031.2","929.1","828.0","804.4","684.3","645.3","656.1","511.0","452.6","380.2","354.9","360.7","346.4","332.4","323.0","282.4"
"Andorra","5948.6","5810.8","6513.8","5312.5","4856.1","4819.4","4787.4","4727.1","4769.1","4577.4","4271.1","3751.0","3554.0","3394.6","3143.0","3049.0"
"Angola","195.5","184.6","191.6","162.8","168.1","158.3","205.0","201.0","164.9","152.1","139.8","149.5","127.8","111.2","149.0","69.6"
"Antigua and Barbuda","1105.1","1205.4","1031.7","990.2","1065.9","1041.5","957.8","1059.6","957.8","883.1","773.2","679.3","685.7","623.4","622.8","578.0"
"Argentina","1389.8","1268.3","1287.7","1225.5","1244.5","1238.0","1162.7","1109.7","1082.2","976.8","880.5","727.3","722.8","523.2","641.4","644.0"
"Armenia","883.2","591.3","661.4","513.4","265.2","345.7","296.5","315.6","359.7","313.4","335.5","331.7","198.2","171.9","170.8","150.8"
"Australia","4491.6","4287.2","4179.7","3792.1","3770.4","3593.1","3556.5","3295.6","3178.2","3005.2","2833.3","2743.6","2549.2","2429.0","2272.1","2152.6"
"Austria","5138.2","5025.4","4881.0","4696.0","4392.2","4243.9","4132.4","3962.4","3716.3","3557.7","3351.8","3257.8","3073.3","2935.8","2768.0","2705.1"
"Azerbaijan","1191.3","998.8","930.7","839.8","756.9","768.7","805.6","548.6","578.8","555.7","521.4","400.8","291.8","161.4","144.1","134.3"
"Bahamas","1699.1","1704.1","1732.3","1790.1","1733.0","1670.4","1657.2","1701.9","1667.9","1590.3","1325.8","1270.8","1174.3","1130.4","1073.4","1045.8"
"Bahrain","2453.2","2164.6","1902.2","1714.6","1239.2","1306.4","1359.9","1156.4","1160.5","1128.4","1140.8","1184.3","1292.5","1324.1","1306.7","1219.5"
"Bangladesh","88.0","83.2","77.9","75.8","71.0","64.2","58.0","53.8","51.8","46.3","41.8","37.4","34.5","32.4","28.6","27.6"
"Barbados","1233.6","1239.2","1293.9","1304.9","1140.4","1042.3","1038.8","1047.0","946.9","906.8","846.4","834.2","794.6","669.1","617.6","598.4"
"Belarus","1084.6","995.2","1017.0","915.4","774.0","809.7","774.4","763.4","728.3","637.1","609.1","506.8","442.4","392.2","370.6","318.7"
"Belgium","4782.4","4660.7","4508.8","4313.8","4158.2","3980.0","3831.7","3561.5","3298.6","3158.5","3007.6","2938.5","2822.9","2518.9","2352.5","2221.1"
"Belize","523.7","487.9","471.5","442.2","441.7","448.8","436.0","385.4","366.3","327.9","311.3","294.7","290.9","259.5","258.5","217.6"
"Benin","84.5","76.8","78.2","88.2","77.3","73.3","68.5","65.4","67.4","65.6","62.2","63.9","60.7","59.5","61.9","56.4"
"Bhutan","287.1","245.7","244.6","227.8","205.0","200.0","184.2","160.6","162.4","142.7","135.3","138.7","129.5","120.9","121.7","116.2"
"Bolivia (Plurinational State of)","445.8","384.9","348.2","302.4","283.5","270.0","259.6","225.9","216.3","203.5","207.5","189.4","192.6","175.0","168.9","151.2"
"Bosnia and Herzegovina","1101.8","1072.0","1026.6","966.4","908.8","842.5","814.6","858.9","756.7","657.0","570.2","539.2","435.7","361.5","342.4","325.1"
"Botswana","970.0","890.4","864.2","923.7","856.5","784.3","816.1","756.1","652.1","567.8","542.8","603.9","538.8","419.8","548.9","480.1"
"Brazil","1391.5","1365.3","1275.6","1203.5","1170.5","1135.9","1112.4","1063.9","1026.5","958.5","880.7","849.9","795.1","827.9","789.8","754.6"
"Brunei Darussalam","2083.4","1732.7","1735.8","1545.5","1536.8","1798.1","2040.9","1635.6","1712.7","1656.8","1828.5","2047.5","2057.1","1944.8","1889.6","1836.0"
"Bulgaria","1491.9","1477.1","1303.1","1226.9","1116.6","1059.5","933.7","898.3","785.3","741.3","706.4","631.6","602.9","549.1","470.4","373.2"
"Burkina Faso","96.1","94.2","99.4","75.8","76.6","82.2","74.8","68.2","73.3","60.6","50.1","49.1","35.1","31.1","29.6","28.3"
"Burundi","63.7","54.6","63.8","64.6","76.3","84.6","79.1","68.5","71.7","70.0","60.9","46.3","38.0","40.4","39.4","40.4"
"Cabo Verde","310.4","313.3","271.8","282.5","258.0","255.6","218.2","204.6","222.4","227.7","198.2","184.1","168.2","170.1","161.9","147.3"
"Cambodia","209.6","203.3","209.2","207.7","199.5","171.3","177.5","155.5","107.7","117.0","123.7","119.4","105.8","84.4","77.6","69.8"
"Cameroon","162.8","151.2","143.5","139.3","100.9","129.7","123.2","127.5","114.2","107.5","105.2","102.2","103.8","98.6","93.2","85.9"
"Canada","4600.1","4499.0","4453.4","4290.0","4223.8","4207.7","4082.3","3794.2","3652.7","3491.7","3277.9","3075.1","2915.1","2745.8","2607.8","2417.9"
"Central African Republic","31.9","29.8","27.2","35.2","34.8","33.1","36.8","36.4","39.9","32.6","32.6","27.5","27.7","24.1","22.3","22.8"
"Chad","99.8","100.0","99.9","71.7","73.0","76.8","75.6","68.0","71.6","78.1","77.6","85.1","64.4","75.5","51.9","48.6"
"Chile","1903.1","1774.1","1677.7","1517.9","1384.0","1243.7","1172.8","1107.0","1041.3","942.2","841.7","812.8","789.9","748.3","715.2","676.0"
"China","762.2","658.0","592.5","535.0","468.4","407.0","380.5","320.6","271.9","243.4","217.8","194.8","179.4","159.9","138.9","130.0"
"Colombia","852.8","856.0","765.4","735.9","683.1","656.2","655.9","611.0","557.2","513.6","451.3","394.8","404.1","368.3","375.2","360.5"
"Comoros","121.0","121.4","123.3","120.1","134.0","121.1","119.9","124.4","129.1","130.9","131.8","129.0","130.7","135.6","131.2","142.3"
"Congo","202.7","142.2","132.2","107.5","99.0","102.9","102.9","99.6","86.8","79.8","79.2","82.4","80.2","71.1","87.1","60.2"
"Cook Islands","518.2","561.2","538.5","547.6","557.2","530.9","537.9","496.8","545.8","507.1","522.6","466.7","424.0","420.5","398.5","365.5"
"Costa Rica","1286.5","1237.5","1204.6","1149.5","1131.0","1031.2","957.5","925.3","823.2","745.4","656.8","617.2","614.1","577.2","522.5","512.2"
"CÃ´te d'Ivoire","189.6","167.3","151.2","164.7","151.9","162.0","162.6","157.2","156.9","142.3","127.8","120.8","105.4","102.8","113.7","132.5"
"Croatia","1656.4","1643.2","1580.2","1644.5","1612.7","1601.7","1635.0","1604.3","1442.8","1216.5","1056.8","955.3","860.9","784.1","838.4","810.6"
"Cuba","2478.8","2196.6","1710.6","1639.0","2236.2","2118.9","1625.1","1697.2","1494.0","1208.2","1274.3","754.6","723.0","685.6","656.4","574.3"
"Cyprus","2136.8","2059.9","2106.2","2138.7","2216.9","2116.6","2223.7","2124.0","1725.3","1607.4","1478.5","1380.4","1349.7","1330.6","1231.7","1135.8"
"Czechia","2469.9","2481.6","2381.7","2042.6","2011.0","1922.8","2018.4","1777.9","1577.9","1476.1","1402.7","1329.3","1273.4","1127.1","1034.4","922.9"
"Democratic People's Republic of Korea","No data","No data","No data","No data","No data","No data","No data","No data","No data","No data","No data","No data","No data","No data","No data","No data"
"Democratic Republic of the Congo","34.0","33.2","27.5","23.8","22.2","24.1","29.6","22.0","17.9","16.1","14.7","14.7","13.3","10.6","10.8","6.0"
"Denmark","5083.2","4924.2","4786.7","4610.2","4535.8","4480.5","4319.5","3938.9","3642.0","3427.7","3109.1","2970.1","2744.5","2670.2","2498.2","2325.3"
"Djibouti","146.7","130.6","122.0","131.5","128.2","108.0","109.4","106.2","108.8","104.6","91.1","89.6","103.0","89.7","68.6","70.3"
"Dominica","585.7","564.2","522.8","547.3","470.4","505.7","487.4","460.0","431.2","385.5","361.4","330.8","332.8","312.3","307.3","303.0"
"Dominican Republic","873.1","799.9","728.5","689.2","642.1","608.4","512.4","474.3","406.9","372.1","361.5","310.5","293.0","303.4","277.6","263.7"
"Ecuador","980.2","994.4","942.0","881.0","770.8","688.9","591.1","542.3","490.6","461.3","427.5","398.0","355.6","283.6","228.8","194.2"
"Egypt","495.2","491.0","476.5","460.3","450.1","421.6","426.0","419.6","389.1","392.3","368.6","343.6","352.1","359.6","345.5","303.1"
"El Salvador","578.5","551.8","546.7","514.2","505.7","494.5","478.3","447.7","442.7","440.8","445.3","424.7","408.7","413.2","407.8","402.9"
"Equatorial Guinea","789.6","583.3","584.5","524.2","463.5","506.2","632.6","507.1","494.0","435.7","205.4","271.2","237.6","186.0","347.4","255.0"
"Eritrea","56.2","56.6","53.2","53.5","51.2","51.0","54.7","62.0","60.2","76.5","77.0","76.4","79.2","79.7","76.1","75.1"
"Estonia","1886.8","1774.3","1653.7","1516.3","1429.0","1369.7","1342.8","1303.6","1104.1","947.8","818.6","734.8","638.3","548.6","494.4","486.2"
"Eswatini","628.9","607.6","592.9","568.0","615.1","614.3","504.8","516.5","431.3","410.7","359.3","299.5","277.8","238.4","226.6","223.5"
"Ethiopia","65.6","60.5","55.9","57.3","52.4","57.9","41.8","38.0","38.8","30.6","26.8","25.0","25.0","24.8","24.9","21.4"
"Fiji","331.4","322.1","286.2","272.8","254.9","266.6","267.3","244.7","257.4","250.1","233.3","225.5","190.6","185.9","173.1","196.2"
"Finland","3996.4","3938.8","3923.3","3774.1","3640.6","3442.2","3359.6","3231.2","2949.5","2752.2","2558.9","2426.1","2220.9","2102.3","1944.3","1827.6"
"France","4542.3","4478.7","4345.9","4100.0","4039.9","3881.4","3778.0","3571.9","3421.7","3289.4","3135.4","2972.8","2854.7","2876.4","2691.9","2514.1"
"Gabon","480.9","445.0","485.2","398.4","406.5","372.5","493.4","374.8","443.0","424.4","420.8","474.9","499.7","457.7","461.2","408.7"
"Gambia","114.1","115.4","101.7","98.1","95.2","93.0","89.8","88.4","81.8","75.9","67.5","60.6","55.1","46.4","48.3","44.8"
"Georgia","717.7","725.8","669.3","625.8","570.3","584.3","552.5","496.8","414.9","364.6","338.9","297.0","268.1","228.6","193.6","179.3"
"Germany","5356.8","5204.5","4965.4","4707.4","4588.5","4413.0","4213.9","3936.1","3695.5","3521.5","3330.6","3226.5","3143.6","3001.6","2847.2","2708.9"
"Ghana","249.3","225.4","227.2","202.0","207.4","195.4","183.1","175.1","156.0","149.1","232.6","176.4","165.9","157.6","168.7","148.6"
"Greece","2204.4","2094.3","2169.8","2210.7","2374.3","2696.9","2881.1","2899.6","2655.9","2561.9","2304.7","2021.8","1959.0","1864.4","1682.5","1416.7"
"Grenada","677.5","667.9","654.8","651.8","684.7","671.4","658.1","667.7","644.9","608.9","558.1","466.1","465.8","461.0","410.1","390.2"
"Guatemala","443.9","467.2","450.9","440.1","422.5","421.7","427.2","425.1","424.3","410.7","369.9","361.1","352.4","338.0","330.7","249.4"
"Guinea","57.2","55.1","59.5","57.4","61.6","52.0","49.6","50.3","51.6","47.0","48.2","47.5","50.0","58.5","48.8","44.7"
"Guinea-Bissau","100.3","100.3","76.1","74.2","80.1","84.2","67.6","89.2","86.4","78.8","74.6","77.6","62.0","54.2","67.3","76.7"
"Guyana","336.1","373.2","344.4","314.8","301.3","265.6","249.2","216.5","201.4","180.7","223.8","208.2","201.0","187.1","172.5","156.7"
"Haiti","120.1","125.1","122.0","162.8","166.2","150.4","135.6","116.9","102.2","79.4","76.6","78.7","79.5","81.9","90.6","95.2"
"Honduras","353.4","347.2","355.9","355.3","309.2","320.1","320.9","318.5","293.6","265.1","238.3","206.4","195.1","172.2","159.7","165.1"
"Hungary","1912.1","1820.1","1774.7","1722.3","1720.5","1620.2","1497.2","1467.8","1372.3","1428.5","1364.6","1260.7","1253.9","1032.8","902.9","802.1"
"Iceland","4116.2","3894.1","3710.7","3518.6","3410.5","3383.7","3711.1","3697.1","3553.5","3447.6","3415.8","3366.6","3257.3","3086.0","2807.2","2657.4"
"India","237.7","205.8","197.1","163.7","150.5","145.6","140.9","131.9","126.4","115.3","108.5","102.0","94.7","92.6","89.8","80.7"
"Indonesia","369.3","362.6","336.4","318.0","295.4","285.3","220.7","210.2","215.9","186.4","167.6","130.5","129.9","108.1","107.6","92.3"
"Iran (Islamic Republic of)","1261.7","1222.6","1034.5","1135.1","1196.0","1201.0","1088.4","863.9","811.7","760.7","718.8","651.3","594.9","504.4","509.0","454.9"
"Iraq","481.0","440.0","438.9","400.7","370.2","402.5","448.6","356.3","338.8","260.2","281.1","355.1","181.7","No data","No data","No data"
"Ireland","5334.9","5099.6","5045.8","4687.6","4524.1","4566.8","4382.7","4059.7","3696.4","3374.8","3128.9","2824.5","2560.3","2369.7","2105.7","1793.8"
"Israel","2819.1","2687.3","2499.5","2323.5","2194.4","2087.7","2007.1","1975.3","1971.2","1860.4","1856.6","1866.3","1779.8","1898.5","1894.0","1773.5"
"Italy","3350.6","3274.1","3267.4","3253.5","3211.9","3145.2","3106.2","3040.1","2784.2","2740.6","2516.9","2420.9","2291.7","2263.5","2175.6","2047.8"
"Jamaica","511.4","469.2","483.8","429.6","444.0","421.3","414.0","452.0","416.6","345.5","308.8","348.1","318.4","322.8","344.5","365.0"
"Japan","4405.1","4240.3","4179.2","3988.3","3778.2","3192.5","2986.1","2842.5","2713.8","2569.4","2452.8","2318.3","2191.1","2097.0","2013.0","1905.7"
"Jordan","568.1","673.5","666.1","729.9","768.5","778.8","896.8","816.8","742.5","677.2","694.2","653.8","607.5","618.2","599.6","552.5"
"Kazakhstan","903.3","891.0","842.0","839.0","719.9","790.0","758.4","663.3","555.2","586.6","567.1","493.0","413.8","363.5","314.5","324.4"
"Kenya","157.2","158.3","157.5","149.9","141.8","155.3","120.9","108.5","113.5","98.3","100.1","94.2","91.6","95.6","94.3","88.7"
"Kiribati","151.8","185.9","177.5","156.3","150.1","158.9","237.4","250.6","207.3","205.0","202.7","205.4","178.0","191.1","191.4","137.5"
"Kuwait","2977.5","2385.9","1982.6","2034.7","2027.8","2032.0","3071.1","1739.8","1946.9","1990.8","1979.3","2083.4","2182.0","2041.4","2002.1","1393.9"
"Kyrgyzstan","286.6","281.5","266.1","250.0","209.4","194.4","193.2","178.6","172.3","187.7","159.9","130.2","111.7","81.0","74.8","72.3"
"Lao People's Democratic Republic","165.8","140.9","128.6","104.3","89.5","119.6","139.6","99.3","109.4","121.9","125.8","119.4","111.0","88.2","89.1","82.8"
"Latvia","1429.3","1306.9","1218.9","1146.0","1093.9","1070.0","1029.1","1086.0","1041.3","900.4","807.6","756.9","602.3","578.2","519.6","433.9"
"Lebanon","1117.3","1140.4","1172.1","1237.9","1278.6","1200.2","1068.4","1094.1","1083.3","983.6","833.0","859.0","858.2","926.7","1053.6","1059.9"
"Lesotho","251.1","248.8","226.9","213.7","189.9","157.9","195.0","164.6","147.0","105.7","89.8","94.3","94.8","88.2","95.1","84.3"
"Liberia","127.8","119.2","76.9","72.5","77.3","68.7","71.1","56.4","50.7","36.5","36.4","31.5","13.3","16.2","19.8","21.5"
"Libya","No data","No data","No data","No data","627.3","957.3","969.2","561.9","610.7","605.2","603.8","693.6","846.4","852.3","809.0","696.5"
"Lithuania","1874.6","1734.4","1631.1","1542.2","1472.3","1352.4","1327.3","1298.7","1092.7","957.2","810.9","713.3","750.0","647.5","549.4","490.7"
"Luxembourg","6381.5","6463.3","6345.9","6091.0","5694.9","6089.7","6097.5","5725.0","5275.2","5272.9","4942.5","4741.4","4216.5","3978.7","3612.0","3284.0"
"Madagascar","76.7","70.5","57.0","53.1","68.4","72.9","69.9","67.7","72.8","72.9","68.2","65.2","54.0","60.8","69.0","61.2"
"Malawi","108.2","111.6","127.3","89.8","78.8","73.3","79.7","78.3","65.6","54.2","45.3","41.4","32.0","25.3","24.0","29.9"
"Malaysia","1063.9","991.5","882.8","835.1","758.1","688.5","687.7","645.6","656.6","596.2","500.0","497.2","467.2","399.1","374.3","338.0"
"Maldives","1513.9","1693.4","1359.3","945.7","1136.4","948.3","1022.5","1211.8","851.1","692.1","629.8","578.3","432.9","420.8","411.1","277.6"
"Mali","118.5","113.9","100.7","80.9","76.9","81.2","83.3","83.5","88.3","86.0","78.2","76.8","67.6","58.8","57.0","59.2"
"Malta","3470.9","3216.0","2778.6","2550.1","2456.1","2290.2","2122.1","2094.3","2049.5","2056.8","1940.6","1739.2","1657.6","1517.0","1297.7","1198.9"
"Marshall Islands","862.8","723.4","744.6","690.0","668.7","653.7","658.9","692.3","726.1","822.4","750.4","581.8","497.3","488.2","524.6","572.8"
"Mauritania","177.1","158.3","133.9","117.9","106.8","108.4","123.3","123.6","117.9","107.5","118.7","112.1","117.8","113.7","102.3","97.3"
"Mauritius","1098.6","1020.0","840.0","746.0","714.2","716.6","627.9","571.9","478.1","452.9","428.0","387.3","346.1","323.2","287.9","270.6"
"Mexico","1008.7","986.1","1001.3","973.2","915.0","887.8","868.7","829.2","807.3","759.9","721.9","685.1","637.0","552.9","524.4","480.5"
"Micronesia (Federated States of)","457.9","415.1","407.7","418.5","440.7","427.4","397.7","367.8","341.4","325.1","338.5","290.0","265.8","210.7","221.3","194.7"
"Monaco","3406.9","3468.6","3250.5","3005.2","2888.5","2796.0","2687.8","2608.1","2399.9","2331.0","2301.0","2214.8","2101.7","1852.7","1744.3","1629.2"
"Mongolia","469.6","457.5","443.8","367.3","305.1","273.6","296.0","304.1","259.2","208.6","227.6","209.8","194.3","206.9","194.4","213.7"
"Montenegro","957.0","898.1","891.4","843.5","836.8","793.7","712.5","842.4","813.9","746.0","638.2","617.7","609.8","541.7","510.6","398.9"
"Morocco","435.3","428.3","415.0","403.6","389.1","375.7","360.8","315.7","302.5","262.3","230.7","217.2","196.4","178.8","161.0","142.9"
"Mozambique","63.7","62.9","50.3","52.1","42.4","46.0","42.5","38.0","42.3","44.0","41.9","30.2","29.7","20.6","20.5","15.8"
"Myanmar","267.2","245.5","91.1","82.2","65.8","67.7","68.3","59.7","50.8","46.5","42.7","39.1","34.1","31.0","24.2","21.9"
"Namibia","942.5","827.9","827.6","839.2","847.3","784.8","644.7","777.0","833.9","855.9","801.7","680.1","600.6","534.0","503.4","487.9"
"Nauru","1063.9","898.7","615.1","714.2","666.0","724.6","581.7","1350.0","892.8","578.9","509.5","598.8","725.8","732.2","746.8","740.7"
"Nepal","150.6","139.0","127.2","110.7","103.1","96.8","82.5","77.4","69.5","63.8","67.6","65.7","59.7","58.5","57.0","46.8"
"Netherlands","5313.2","5338.0","5316.3","5100.4","4857.1","4649.3","4525.4","4370.6","4020.3","3732.6","3457.9","3024.3","2855.9","2711.0","2458.2","2236.6"
"New Zealand","3530.1","3453.3","3346.4","3156.8","3106.5","3006.4","2954.5","2718.2","2440.0","2396.5","2123.6","1985.5","1852.8","1834.4","1693.8","1606.3"
"Nicaragua","406.0","377.6","346.9","336.6","299.5","256.6","272.0","261.0","246.7","202.4","186.2","171.0","144.3","154.2","146.9","143.6"
"Niger","68.5","55.5","55.1","52.7","51.7","49.8","51.5","52.6","50.9","53.2","48.3","39.4","36.7","37.5","35.9","32.4"
"Nigeria","215.2","199.0","192.5","180.8","173.6","164.9","293.8","266.3","255.9","238.4","212.9","211.3","179.6","82.3","103.6","87.1"
"Niue","795.0","937.1","851.5","836.3","1619.4","1036.5","1823.9","1685.8","1289.8","4230.3","955.2","983.4","862.4","762.2","2474.4","488.6"
"Norway","6221.6","6177.0","6018.3","5774.4","5492.1","5200.6","5061.0","4945.3","4523.7","4302.5","3995.4","3764.5","3562.0","3429.1","3044.6","2854.7"
"Oman","1635.9","1497.2","1208.6","1117.5","1074.3","1218.9","1250.1","868.7","983.4","900.9","955.2","1066.2","1119.9","1155.8","1134.1","1067.7"
"Pakistan","134.4","131.2","120.2","104.9","101.6","109.0","109.1","120.0","126.8","115.2","104.3","83.0","79.6","84.3","81.0","85.5"
"Palau","1611.5","1648.8","1570.7","1548.6","1352.9","1405.1","1190.4","1213.1","1315.8","1233.3","1178.6","1272.9","1007.6","1026.2","927.3","1020.0"
"Panama","1542.8","1432.5","1301.0","1132.2","1020.6","1002.7","929.2","935.2","868.6","761.9","655.3","692.0","605.9","609.9","587.8","589.6"
"Papua New Guinea","98.6","115.6","124.2","89.4","72.4","63.2","64.1","57.2","63.1","59.1","57.8","60.7","54.2","48.3","44.7","43.0"
"Paraguay","724.3","682.9","593.4","567.4","505.0","444.7","392.3","363.6","332.8","307.7","271.4","262.3","246.4","223.6","263.2","277.6"
"Peru","671.0","621.8","572.6","529.3","479.4","463.6","447.1","401.2","358.1","330.8","303.2","298.8","301.5","287.8","260.2","235.1"
"Philippines","322.8","290.8","291.3","266.8","240.1","236.5","222.7","205.4","191.3","178.9","166.0","127.0","119.0","97.2","101.7","105.6"
"Poland","1704.2","1607.5","1576.4","1477.9","1424.5","1354.4","1269.5","1167.3","985.4","878.5","806.8","783.3","730.5","716.0","631.8","563.9"
"Portugal","2661.4","2594.6","2530.9","2466.5","2548.7","2686.5","2618.7","2492.0","2331.8","2255.9","2146.8","1999.7","1857.5","1747.2","1651.1","1586.9"
"Qatar","3900.3","3084.7","2634.9","2230.9","2069.6","2193.8","2435.7","1840.3","2209.3","2397.9","2511.7","3087.6","3189.1","2237.6","2027.3","1724.7"
"Republic of Korea","2556.0","2414.1","2268.2","2170.0","2056.0","1976.0","1799.3","1661.4","1563.0","1406.6","1216.5","1086.8","1008.5","902.4","861.9","717.3"
"Republic of Moldova","515.3","515.8","485.2","461.9","456.0","465.7","482.7","409.2","372.1","335.9","281.1","237.3","167.8","155.7","122.0","106.8"
"Romania","1090.4","1045.0","1027.3","891.6","839.5","978.4","875.8","839.0","679.1","584.0","529.2","490.7","404.6","326.3","282.2","245.8"
"Russian Federation","1414.0","1339.9","1261.1","1269.8","1159.9","1089.5","1169.8","1056.9","844.9","760.3","604.0","521.9","512.2","475.9","414.3","367.6"
"Rwanda","143.2","141.9","131.2","135.9","134.5","129.3","119.2","113.6","103.3","91.9","68.0","62.0","58.8","33.5","29.8","29.4"
"Saint Kitts and Nevis","1442.7","1406.2","1305.3","1239.0","1242.7","1201.4","1222.3","1222.4","1101.8","1097.1","968.5","872.3","799.2","767.3","741.4","721.1"
"Saint Lucia","681.4","641.3","791.0","748.1","740.9","703.4","663.1","656.6","619.2","543.2","509.1","499.6","453.4","429.3","411.0","388.9"
"Saint Vincent and the Grenadines","469.5","461.4","461.6","458.9","424.5","431.4","401.6","390.9","349.0","324.9","310.5","299.4","295.2","267.7","230.6","229.1"
"Samoa","335.9","361.4","350.6","282.3","316.3","288.8","298.7","278.2","263.5","246.0","231.6","200.5","175.6","198.2","167.5","168.3"
"San Marino","3674.6","3804.2","3880.1","3950.1","3885.5","3750.6","3854.9","3720.6","3348.7","2935.6","2513.8","2600.1","2480.1","2670.0","2889.6","2734.1"
"Sao Tome and Principe","308.4","271.0","261.6","211.1","151.3","136.4","180.0","119.5","147.3","151.9","234.9","221.8","243.3","201.1","219.1","167.5"
"Saudi Arabia","3121.3","2674.5","2243.7","1981.9","1754.7","1551.0","1760.2","1238.4","1398.2","1343.8","1222.7","1191.6","1220.6","1222.2","1298.7","1222.4"
"Senegal","97.1","93.5","88.2","85.2","85.2","85.8","87.0","89.2","83.0","89.4","86.3","98.9","89.9","79.6","78.5","70.1"
"Serbia","1323.7","1355.8","1360.2","1296.6","1250.0","1219.2","1171.5","1197.1","1049.8","865.1","759.0","664.8","584.7","548.1","422.3","371.6"
"Seychelles","867.3","836.4","812.8","955.4","723.6","702.5","470.2","477.8","605.3","609.8","581.8","572.4","638.3","608.5","638.7","674.2"
"Sierra Leone","256.3","351.6","198.1","127.2","131.5","108.4","111.6","101.4","93.8","90.3","92.6","89.6","83.4","81.8","64.4","71.6"
"Singapore","3681.3","3323.2","3048.9","2619.4","2385.1","2277.3","2104.5","2034.0","1780.9","1687.9","1592.7","1538.7","1608.4","1445.9","1321.9","1411.7"
"Slovakia","2062.0","2011.5","2102.9","2035.6","1918.7","1951.3","1838.1","1651.5","1521.6","1295.1","1096.4","984.9","771.5","733.2","662.2","601.7"
"Slovenia","2733.8","2651.0","2589.7","2519.1","2463.0","2381.5","2363.2","2338.1","2076.1","2014.6","1910.1","1807.1","1708.5","1624.0","1498.0","1404.8"
"Solomon Islands","173.0","177.8","150.8","190.7","148.3","128.6","130.4","142.0","143.1","143.7","149.9","110.1","95.7","100.0","107.2","70.0"
"Somalia","No data","No data","No data","No data","No data","No data","No data","No data","No data","No data","No data","No data","No data","No data","No data","No data"
"South Africa","1086.4","1029.3","981.9","964.4","908.6","863.7","804.1","753.9","711.4","680.8","644.0","609.1","582.7","559.8","583.5","562.4"
"South Sudan","71.2","53.4","45.6","47.6","No data","No data","No data","No data","No data","No data","No data","No data","No data","No data","No data","No data"
"Spain","3182.5","3057.9","2936.3","2899.2","2920.2","2891.2","2922.3","2791.0","2578.8","2412.3","2144.1","2013.5","1902.8","1673.4","1564.7","1470.2"
"Sri Lanka","353.1","319.6","294.6","264.8","270.9","248.3","284.4","263.3","251.7","236.8","218.0","208.0","180.3","187.1","178.7","181.7"
"Sudan","277.0","224.6","260.3","210.1","253.0","232.0","278.3","251.7","266.9","201.2","160.0","140.6","123.5","99.0","93.3","84.7"
"Suriname","1016.9","955.6","912.1","884.0","833.9","759.5","768.5","744.7","685.0","727.6","841.6","819.4","738.8","725.3","609.6","694.7"
"Sweden","5298.6","5202.1","5098.3","4910.9","4689.3","3550.3","3566.5","3493.2","3287.6","3066.5","2817.3","2777.3","2668.8","2562.3","2389.8","2171.4"
"Switzerland","7582.6","7145.2","6842.2","6424.9","6080.1","5714.6","5392.7","5153.5","4793.0","4423.0","4161.6","4093.2","3922.4","3819.9","3585.4","3340.7"
"Syrian Arab Republic","No data","No data","No data","159.7","184.9","169.5","175.3","161.0","171.0","167.5","171.6","175.2","186.2","172.0","152.8","144.9"
"Tajikistan","192.7","180.5","160.1","142.2","131.8","120.5","116.1","113.1","98.3","82.0","79.1","67.5","59.7","48.4","44.4","40.3"
"Thailand","610.2","579.7","528.1","518.4","483.0","448.0","441.6","424.0","379.3","342.1","324.3","301.5","287.2","272.2","231.1","225.9"
"Republic of North Macedonia","857.1","828.5","782.1","745.5","762.9","785.9","755.1","723.8","637.5","665.6","620.0","613.8","598.1","544.9","222.7","236.3"
"Timor-Leste","141.3","149.8","149.9","129.8","122.0","109.8","105.9","95.5","69.6","66.7","59.2","45.1","34.5","30.8","No data","No data"
"Togo","95.6","89.6","87.2","78.5","75.9","75.1","60.5","52.5","52.1","48.3","44.6","44.1","44.0","38.1","37.4","38.1"
"Tonga","323.8","278.2","254.7","261.0","231.9","241.7","213.4","280.0","237.8","248.5","204.7","197.1","166.3","171.8","161.5","151.5"
"Trinidad and Tobago","2204.1","1853.2","1749.1","1586.0","1458.4","1470.6","1753.4","1247.6","1290.8","1151.7","1153.2","985.7","911.2","772.0","641.4","584.3"
"Tunisia","774.1","772.7","751.4","700.0","651.0","601.6","559.6","520.6","496.1","453.4","423.0","403.6","373.3","346.2","322.1","303.1"
"Turkey","996.0","1005.6","983.5","924.2","921.7","882.4","857.9","844.0","783.6","707.1","587.4","539.0","485.8","475.9","454.9","442.6"
"Turkmenistan","1003.8","830.2","705.5","595.1","549.0","486.7","430.8","501.7","389.4","550.0","552.6","530.0","399.4","315.4","363.5","291.3"
"Tuvalu","523.3","500.6","462.7","429.2","442.8","429.3","382.3","332.8","307.9","299.9","280.0","266.0","373.3","345.7","466.8","596.0"
"Uganda","138.5","132.7","125.9","133.9","162.5","170.3","134.2","160.2","153.7","145.4","125.1","99.2","90.1","88.3","75.6","67.1"
"Ukraine","469.4","510.7","603.6","577.0","518.0","488.0","478.4","465.3","484.8","462.8","410.4","373.8","342.2","278.3","246.1","210.1"
"United Arab Emirates","2425.8","2452.1","2331.9","2112.1","2142.0","2225.8","2405.8","2026.0","1924.3","1898.4","1915.1","2103.5","2194.0","2166.3","2007.8","1942.1"
"United Kingdom of Great Britain and Northern Ireland","4144.6","4008.8","3862.0","3186.9","3095.1","3053.3","2962.2","2802.9","2643.4","2544.7","2345.1","2251.2","2063.8","1900.2","1741.1","1567.8"
"United Republic of Tanzania","96.5","101.7","105.5","112.1","114.4","105.4","96.9","103.4","123.0","125.8","99.8","99.9","86.3","71.3","60.8","48.3"
"United States of America","9535.9","9059.5","8634.6","8432.5","8160.8","7949.9","7696.5","7420.1","7176.6","6820.6","6453.1","6101.5","5738.9","5330.0","4912.7","4561.9"
"Uruguay","1747.8","1754.1","1690.8","1604.1","1492.8","1404.6","1304.0","1168.0","1072.1","1107.5","997.5","958.6","973.1","920.4","968.9","926.6"
"Uzbekistan","382.8","341.6","308.1","287.7","247.7","224.3","195.9","172.0","160.1","161.0","144.0","130.5","122.5","117.1","109.0","104.0"
"Vanuatu","106.1","110.2","162.9","79.1","66.0","80.1","58.6","37.1","37.9","50.0","44.3","44.9","35.9","32.0","37.6","30.7"
"Venezuela (Bolivarian Republic of)","579.4","640.1","641.6","669.4","821.8","733.8","845.8","759.0","737.0","611.5","538.4","498.9","438.4","474.7","553.2","502.2"
"Viet Nam","334.3","320.7","331.3","318.1","266.9","252.9","209.5","193.3","192.9","174.9","151.0","130.3","105.7","95.9","113.4","89.0"
"Yemen","144.5","192.1","198.8","200.7","182.2","226.9","249.0","234.8","229.9","211.6","192.6","192.5","193.5","157.9","157.5","144.0"
"Zambia","203.0","191.7","179.8","168.1","162.1","147.9","127.5","112.8","99.4","117.9","148.0","144.6","137.8","122.6","114.5","119.2"
"Zimbabwe","182.3","158.3","132.4","138.1","141.1","156.7","No data","No data","No data","No data","No data","No data","No data","No data","No data","No data"
